name,function,category,subcategory,code_url,resource_url,description,language
GTFS.org,Producing Data,GTFS,GTFS Courses,https://github.com/google/transit,https://gtfs.org,The community-driven open standard for rider-facing transit information.,EN
"MobilityData - ""Understanding GTFS: An intro and overview""",Producing Data,GTFS,GTFS Courses,,https://www.youtube.com/watch?v=SDz2460AjNo,"This video provides an overview of of the General Transit Feed Specification (GTFS) and why it is useful for transit agencies, riders, and policymakers.",EN
"World Bank - ""Intro. to GTFS"" online course",Producing Data,GTFS,GTFS Courses,,https://olc.worldbank.org/content/introduction-general-transit-feed-specification-gtfs-and-informal-transit-system-mapping,,EN
Open Transit Data Toolkit,Producing Data,GTFS,GTFS Courses,,http://transitdatatoolkit.com/,,EN
ArcGIS - Introduction to GTFS,Producing Data,GTFS,GTFS Courses,,https://www.youtube.com/watch?v=8OQKHhu1VgQ&t=148s,This video talks about the basic components of GTFS data and how it relates to maps and the ArcGIS workflows we‚Äôll be talking about in this video series.,EN
GTFS-books,Producing Data,GTFS,GTFS Courses,https://github.com/MobilityData/GTFS-books,,"This repository contains the source for the following two books:

The Definitive Guide to GTFS (2014), 
The Definitive Guide to GTFS-realtime (2015)",EN
MBTA GTFS Onboarding,Producing Data,GTFS,GTFS Courses,,https://mybinder.org/v2/gh/mbta/gtfs_onboarding/main?urlpath=lab/tree/GTFS_Onboarding.ipynb,With Jupyter Notebook,EN
"Planetizen ""Building a Transit Map Web App"" course",Producing Data,GTFS,GTFS Courses,,https://courses.planetizen.com/course/building-transit-map-app,"This course examines the entire process of building an interactive, web-based mapping application.",EN
Google Transit Developers,Producing Data,GTFS,GTFS Consumer App Guidance,,https://developers.google.com/transit/gtfs/,Google documentation overview ,EN
Transit app Guidelines for Producing GTFS Static Data,Producing Data,GTFS,GTFS Consumer App Guidance,,https://resources.transitapp.com/article/458-guidelines-for-producing-gtfs-static-data-for-transit,"Producing GTFS doesn‚Äôt have to be a headache! By following a few guidelines, you can make sure that your GTFS data is represented in Transit (and other apps) as intended, and that you‚Äôre always providing public transit riders with the best, clearest, and most up-to-date information possible.",EN
Bing Maps Transit - Add your transit data to Bing Maps,Producing Data,GTFS,GTFS Consumer App Guidance,,https://www.bing.com/maps/transitcontentproviders,,EN
Yandex Maps - Transport integration,Producing Data,GTFS,GTFS Consumer App Guidance,,https://yandex.ru/support/m-maps/transport.html?lang=en#connect-display,,EN
CGTFS,Producing Data,GTFS,GTFS Libraries - C,https://github.com/rakhack/cgtfs,,C library to read GTFS feeds,EN
RRRR Rapid Real-time Routing,Producing Data,GTFS,GTFS Libraries - C,https://github.com/bliksemlabs/rrrr,,RRRR rapid real-time routing,EN
just_gtfs,Producing Data,GTFS,GTFS Libraries - C++,https://github.com/mesozoic-drones/just_gtfs,,C++17 header-only library for reading and writing GTFS üåç,EN
ESRI public-transit-tools,Producing Data,GTFS,GTFS Libraries - C#,https://github.com/Esri/public-transit-tools,,Tools for working with GTFS public transit data in ArcGIS,EN
GTFS Feed Parser,Producing Data,GTFS,GTFS Libraries - C#,https://github.com/OsmSharp/GTFS,http://www.itinero.tech/,.NET implementation of a General Transit Feed Specification (GTFS) feed parser.,EN
Go GTFS Parser,Producing Data,GTFS,GTFS Libraries - Go,https://github.com/geops/gtfsparser,,A GTFS parsing library for Go,EN
OneBusAway GTFS Modules,Producing Data,GTFS,GTFS Libraries - Java,https://github.com/OneBusAway/onebusaway-gtfs-modules/wiki,,"A Java-based library for reading, writing, and transforming public transit data in the GTFS format, including database support.",EN
gtfs-sequelize,Producing Data,GTFS,GTFS Libraries - JavaScript,https://github.com/evansiroky/gtfs-sequelize,,A model of the static GTFS using sequelize.,EN
gtfs-utils,Producing Data,GTFS,GTFS Libraries - JavaScript,https://github.com/public-transport/gtfs-utils,,Read & analyze GTFS datasets using Node.js.,EN
gtfs-via-postgres,Producing Data,GTFS,GTFS Libraries - JavaScript,https://github.com/public-transport/gtfs-via-postgres,,Process GTFS Static/Schedule by importing it into a PostgreSQL database.,EN
Node-GTFS,Producing Data,GTFS,GTFS Libraries - JavaScript,https://github.com/BlinkTagInc/node-gtfs,,"Import GTFS transit data into SQLite and query routes, stops, times, fares and more.",EN
gtfs-schema,Producing Data,GTFS,GTFS Libraries - PostgreSQL,https://github.com/tyleragreen/gtfs-schema,,PostgreSQL schemas for GTFS feeds.,EN
gtfs-via-postgres,Producing Data,GTFS,GTFS Libraries - PostgreSQL,https://github.com/derhuerst/gtfs-via-postgres,,Process GTFS Static/Schedule by importing it into a PostgreSQL database.,EN
gtfsdb,Producing Data,GTFS,GTFS Libraries - Python,https://github.com/OpenTransitTools/gtfsdb,,GTFS ORM using SQLAlchemy,EN
gtfs_functions,Producing Data,GTFS,GTFS Libraries - Python,https://github.com/Bondify/gtfs_functions,,Package with useful functions to create geo-spatial visualizations from a GTFS.,EN
gtfs-segments,Producing Data,GTFS,GTFS Libraries - Python,https://github.com/UTEL-UIUC/gtfs_segments,https://gtfs-segments.readthedocs.io/en/latest/,GTFS Segments: A fast and efficient library to generate bus stop spacings,EN
gtfslib-python,Producing Data,GTFS,GTFS Libraries - Python,https://github.com/afimb/gtfslib-python,,An open source library in python for reading GTFS files and computing various stats and indicators about Public Transport networks,EN
gtfsman,Producing Data,GTFS,GTFS Libraries - Python,https://github.com/geops/gtfsman,,Repository-like tool to manage and update a huge number of GTFS feeds,EN
gtfspy,Producing Data,GTFS,GTFS Libraries - Python,https://github.com/CxAalto/gtfspy,,Public transport network analysis using Python,EN
GTFS Kit,Producing Data,GTFS,GTFS Libraries - Python,https://github.com/mrcagney/gtfs_kit,,A Python library for analyzing GTFS feeds.,EN
Make GTFS,Producing Data,GTFS,GTFS Libraries - Python,https://github.com/mrcagney/make_gtfs,,A Python 3.8+ library to build GTFS feeds from basic route information.,EN
Mapzen GTFS,Producing Data,GTFS,GTFS Libraries - Python,https://github.com/transitland/mapzen-gtfs,,Python library for reading and writing GTFS feeds,EN
multigtfs,Producing Data,GTFS,GTFS Libraries - Python,https://github.com/tulsawebdevs/django-multi-gtfs,https://tulsawebdevs.org/,Django app to import and export General Transit Feed Specification (GTFS),EN
partridge,Producing Data,GTFS,GTFS Libraries - Python,https://github.com/remix/partridge,https://partridge.readthedocs.io/en/stable/,"A fast, forgiving GTFS reader built on pandas DataFrames",EN
transit_service_analyst,Producing Data,GTFS,GTFS Libraries - Python,https://github.com/psrc/transit_service_analyst,,Tools to support transit service analysis.,EN
TransitGPT,Producing Data,GTFS,GTFS Libraries - Python,https://github.com/UTEL-UIUC/TransitGPT,transitgpt.streamlit.app/,TransitGPT is a specialized chatbot that helps transit enthusiasts retrieve transit information and analyze GTFS feeds via code,EN
r-transit,Producing Data,GTFS,GTFS Libraries - R,https://github.com/r-transit,,R package for working with GTFS data,EN
gtfsio,Producing Data,GTFS,GTFS Libraries - R,https://github.com/r-transit/gtfsio,https://r-transit.github.io/gtfsio/,Read and Write General Transit Feed Specification (GTFS),EN
tidytransit,Producing Data,GTFS,GTFS Libraries - R,https://github.com/r-transit/tidytransit,https://r-transit.github.io/tidytransit/,"Use tidytransit to map transit stops and routes, calculate travel times and transit frequencies, and validate transit feeds. tidytransit reads the General Transit Feed Specification into tidyverse and simple features data frames. ",EN
GTFS-viz,Producing Data,GTFS,GTFS Libraries - Ruby,https://github.com/vasile/GTFS-viz,,Converts a GTFS dataset into a SQLite DB + GeoJSONs / KMLs,EN
gtfs-structure,Producing Data,GTFS,GTFS Libraries - Rust,https://github.com/rust-transit/gtfs-structure,,This crates brings serde structures of this model and helpers to read GTFS archives.,EN
Chouette,Producing Data,GTFS,GTFS Converters,https://enroute.atlassian.net/wiki/spaces/PUBLIC/pages/539426886/Chouette+Convert,,"Chouette Convert is an API to convert a data file into another format (GTFS, NeTEx, Neptune, etc).",EN
extract-gtfs-pathways,Producing Data,GTFS,GTFS Converters,https://github.com/derhuerst/extract-gtfs-pathways,,Command-line tool to extract pathways from a GTFS dataset.,EN
extract-gtfs-shapes,Producing Data,GTFS,GTFS Converters,https://github.com/derhuerst/extract-gtfs-shapes,,Extract shapes from a GTFS dataset.,EN
GTFS-OSM-Sync,Producing Data,GTFS,GTFS Converters,https://github.com/CUTR-at-USF/gtfs-osm-sync,,Synchronizes public transportation data in GTFS format with OpenStreetMap.org,EN
gtfs-parser,Producing Data,GTFS,GTFS Converters,https://github.com/ioTransit/gtfs-parser,,An updated version of gtfs2geojson in typescript,EN
gtfs-service-area,Producing Data,GTFS,GTFS Converters,https://github.com/cal-itp/gtfs-service-area,,Compute transit service area from static GTFS.,EN
GTFS-route-shapes,Producing Data,GTFS,GTFS Converters,https://github.com/kotrc/GTFS-route-shapes,,A simple script to generate a single geoJSON shape for each transit route in a GTFS archive.,EN
gtfs-to-geojson,Producing Data,GTFS,GTFS Converters,https://github.com/BlinkTagInc/gtfs-to-geojson,,Generate geoJSON of transit route data from a GTFS file.,EN
gtfs2gps,Producing Data,GTFS,GTFS Converters,https://github.com/ipeaGIT/gtfs2gps,https://ipeagit.github.io/gtfs2gps/,Convert GTFS data into a data.table with GPS-like records in R,EN
gtfs2emis,Producing Data,GTFS,GTFS Converters,https://github.com/ipeaGIT/gtfs2emis,https://ipeagit.github.io/gtfs2emis/,R package to estimate public transport emissions based on GTFS data,EN
gtsf,Producing Data,GTFS,GTFS Converters,https://github.com/r-gtfs/gtsf,,NOTE: deprecated. see tidytransit. General Transit - Simple Features,EN
hafas-generate-gtfs,Producing Data,GTFS,GTFS Converters,https://github.com/derhuerst/hafas-generate-gtfs,,[work in progress] ‚Äì Generate GTFS dumps from HAFAS endpoints.,EN
Hafas2GTFS,Producing Data,GTFS,GTFS Converters,https://github.com/geops/hafas2gtfs,,"Hafas2GTFS converter, optimized for SBB HAFAS feeds",EN
kml-to-gtfs-shapes,Producing Data,GTFS,GTFS Converters,https://github.com/bdferris/kml-to-gtfs-shapes/tree/gh-pages,http://bdferris.github.io/kml-to-gtfs-shapes/,Simple utility to convert a KML file into a GTFS shapes.txt file.,EN
NeTEx-to-GTFS Converter Java,Producing Data,GTFS,GTFS Converters,https://github.com/entur/netex-gtfs-converter-java,,Convert a NeTEx dataset into a GTFS dataset,EN
o2g,Producing Data,GTFS,GTFS Converters,https://github.com/hiposfer/o2g,,Convert a NeTEx dataset into a GTFS dataset,EN
Open-Transport SYNTHESE Convertors,Producing Data,GTFS,GTFS Converters,https://github.com/Open-Transport/synthese/wiki,,"SYNTHESE is a public transportation server. It provides network modelling, passenger information, DRT reservation, CMS, real time data updating, and operations optimization.","EN, FR"
onebusaway-gtfs-to-barefoot,Producing Data,GTFS,GTFS Converters,https://github.com/OneBusAway/onebusaway-gtfs-to-barefoot,,A Java application that takes a GTFS file and produces a Barefoot map file,EN
onebusaway-vdv-modules,Producing Data,GTFS,GTFS Converters,https://github.com/OneBusAway/onebusaway-vdv-modules,,Libraries and tools for working with transit data conforming to the VDV specification.,EN
osm2gtfs,Producing Data,GTFS,GTFS Converters,https://github.com/grote/osm2gtfs,,Turn OpenStreetMap data and schedule information into GTFS. Use public transport data from OpenStreetMap and external schedule information to create a General Transit Feed (GTFS).,EN
transit_model,Producing Data,GTFS,GTFS Converters,https://github.com/hove-io/transit_model,,"transit_model is a Rust crate to manage, convert and enrich transit data.
This is done by implementing the NTFS model (used in navitia).",EN
transloc-gtfs-rectifier,Producing Data,GTFS,GTFS Converters,https://github.com/laidig/transloc-gtfs-rectifier,,Rectify transloc-specific stop ids with nearby ones in a GTFS feed.,EN
Transmodel and IFF to GTFS,Producing Data,GTFS,GTFS Converters,https://github.com/bliksemlabs/bliksemintegration,,,EN
Transporter-Project transxchange-to-gtfs,Producing Data,GTFS,GTFS Converters,https://github.com/Transporter-Project/transxchange-to-gtfs,,Converts TransXChange XML files to GTFS CSV files.,EN
TXC TransXChange publisher (UK Department for Transport),Producing Data,GTFS,GTFS Converters,,https://www.gov.uk/government/publications/transxchange-publisher,UK nationwide standard for exchanging bus schedules and related data.,EN
UK2GTFS,Producing Data,GTFS,GTFS Converters,,https://itsleeds.github.io/UK2GTFS/,"UK2GTFS is an R package to convert and work with train, tram, bus, ferry, and metro timetable data from the unfriendly and difficult to use formats used in the UK to the easy to use GTFS format. The main purpose of developing the package is to support using OpenTripPlanner in the UK.",EN
AddTransit,Producing Data,GTFS,GTFS Data Collection and Maintenance Tools,,https://addtransit.com/gtfs-transit-file.php,"Get your schedules appearing on Online Maps, Journey Planners and Apps",EN
bus-router,Producing Data,GTFS,GTFS Data Collection and Maintenance Tools,https://github.com/atlregional/bus-router,,"Ever come across a GTFS feed without the optional shapes.txt file? bus-router creates a shapes.txt file for stop_times.txt using OSRM. The routing isn't always perfect, but it gets the dirty parts out of the way.",EN
gtfs-blocks-to-transfers,Producing Data,GTFS,GTFS Data Collection and Maintenance Tools,https://github.com/TransitApp/GTFS-blocks-to-transfers,,Converts GTFS blocks into a series of trip-to-trip transfers using heuristics to classify transfer type.,EN
GTFS Diff,Producing Data,GTFS,GTFS Data Collection and Maintenance Tools,https://github.com/etalab/transport-site/,https://transport.data.gouv.fr/tools/gtfs_diff,GTFS Diff is a specification created by transport.data.gouv.fr and aims at providing a simple and unified way to express differences between GTFS files.,"EN, FR"
GTFS Editor,Producing Data,GTFS,GTFS Data Collection and Maintenance Tools,https://github.com/ibi-group/datatools-ui,https://data-tools-docs.ibi-transit.com/en/latest/,"The core application for IBI Group's TRANSIT-Data-Tools suite. This application provides GTFS editing, management, validation, and deployment to OpenTripPlanner.",EN
GTFS Editor for Vagrant,Producing Data,GTFS,GTFS Data Collection and Maintenance Tools,https://github.com/laidig/vagrant-gtfs-editor,,"The GTFS Editor works reasonably well, but has a quirk in that it relies on the non-current Java version 7, which will be not supported in the near future. Due to a history of vulnerabilities, running an unsupported Java version is not recommended. Vagrant offers a way to quickly and automatically set up a virtual machine environment to run this software only when necessesary.",EN
static-GTFS-manager,Producing Data,GTFS,GTFS Data Collection and Maintenance Tools,https://github.com/WRI-Cities/static-GTFS-manager,https://manage.transitlink.org/,"GUI interface for creating, editing, exporting of static GTFS data for a public transit authority",EN
TransitWand,Producing Data,GTFS,GTFS Data Collection and Maintenance Tools,https://github.com/conveyal/transit-wand,,"A mobile platform for collecting transit data -- GTFS, passenger counts and GIS data.",EN
IBI Data Tools Infra,Producing Data,GTFS,GTFS Data Collection and Maintenance Tools,https://github.com/cal-itp/ibi-datatools-infra,,Initial development of Kubernetes configuration for IBI Datatools,EN
GTFS.html,Producing Data,GTFS,GTFS Data Collection and Maintenance Tools,https://github.com/thatsmydoing/gtfs.html,https://gtfs.pleasantprogrammer.com,This website lets you view and explore the contents of a GTFS file right in your browser. Simply drop a GTFS file into the area below to open it.,EN
pfaedle,Producing Data,GTFS,GTFS Data Collection and Maintenance Tools,https://github.com/ad-freiburg/pfaedle,https://travic.app/?z=7&x=1261608.6&y=6430601.6&l=osm_standard&ol=,Precise map-matching for public transit feeds. Generates high-quality GTFS shapes from OSM data.,EN
GTFS shape mapfit,Producing Data,GTFS,GTFS Data Collection and Maintenance Tools,https://github.com/HSLdevcom/gtfs_shape_mapfit,,OTP dataloading runs an integrated gtfs-osm stop matching task.,EN
GTFS Builder,Producing Data,GTFS,GTFS Data Collection and Maintenance Tools,,http://nationalrtap.org/Web-Apps/GTFS-Builder,GTFS Builder is a free Microsoft Excel-based web application which assists rural and tribal transit agencies to develop and generate fully valid GTFS for their bus routes. ,EN
gtfs-station-builder,Producing Data,GTFS,GTFS Data Collection and Maintenance Tools,https://github.com/kostjerry/gtfs-station-builder,,UI tool to help build the internal structure of stations (based on GTFS standard),EN
GTFS Text-to-Speech Tester,Producing Data,GTFS,GTFS Data Collection and Maintenance Tools,https://github.com/BlinkTagInc/node-gtfs-tts,,Review GTFS stop pronunciations to determine which stops need a tts_stop_name value.,EN
Spare GTFS-Flex Builder,Producing Data,GTFS,GTFS Data Collection and Maintenance Tools,,https://sparelabs.com/en/spare-gtfs-flex-builder,"Create and export GTFS-Flex data for free, making it easier for riders to discover your on-demand services.",EN
Swiftly,Producing Data,GTFS,GTFS Data Collection and Maintenance Tools,,https://goswift.ly/,"Power your network with the industry‚Äôs leading data platform for knowing where your vehicles were, are, and will be next",EN
Chouette SaaS,Producing Data,GTFS,GTFS Data Collection and Maintenance Tools,https://bitbucket.org/enroute-mobi/chouette-core,,,EN
Ara SaaS,Producing Data,GTFS,GTFS Data Collection and Maintenance Tools,https://bitbucket.org/enroute-mobi/ara,,"Modular architecture organized in Collection, Model & Broadcast. Multi-protocol connectors: SIRI, SIRI Lite (GTFS-RT soon). Real time Visualization / management of data by API.",EN
Amarillo,Producing Data,GTFS,GTFS Data Collection and Maintenance Tools,https://github.com/mfdz/amarillo,https://amarillo.mfdz.de/,Aggregates and enhances carpooling-offers and publishes them as GTFS(-RT),"EN, DE"
combine_gtfs_feeds,Producing Data,GTFS,GTFS Merge Tools,https://github.com/psrc/combine_gtfs_feeds,,A tool to combine gtfs feeds into one feed/dataset. The main purpose of combine_gtfs_feeds is to be able work from one GTFS feed when performing transit service analysis for a particular geographic location.,EN
GTFS Kit,Producing Data,GTFS,GTFS Merge Tools,https://github.com/mrcagney/gtfs_kit,,GTFS Kit is a Python 3.10+ library for analyzing General Transit Feed Specification (GTFS) data in memory without a database. It uses Pandas and GeoPandas to do the heavy lifting.,EN
Transitfeed merge function,Producing Data,GTFS,GTFS Merge Tools,https://github.com/google/transitfeed/wiki/Merge,,"The GTFS Merge tool allows users to combine multiple GTFS feeds from different service periods into one continuous schedule, though major stop changes may cause issues.",EN
gtfsmerge,Producing Data,GTFS,GTFS Merge Tools,https://github.com/now8-org/gtfsmerge,,Script to merge GTFS ZIP archives into one.,EN
gtfstools,Producing Data,GTFS,GTFS Analysis Tools,https://github.com/ipeaGIT/gtfstools,https://ipeagit.github.io/gtfstools/,"gtfstools offers a set of convenient tools for editing and analysing transit feeds in GTFS format. Feeds are read as a list of data.tables, allowing for easy and fast data manipulation. Many of this package‚Äôs features are based on functions from other packages, especially {tidytransit} and {gtfs2gps}.
",EN
transit_service_analyst,Producing Data,GTFS,GTFS Analysis Tools,https://github.com/psrc/transit_service_analyst,https://pypi.org/project/transit-service-analyst/,"transit_service_analyst is a python library that provides access to GTFS files as Pandas DataFrames & GeoPandas GeoDataFrames for a specific date, as well as several functions that should help bootstrap a wide array of service related analysis, including geospatial analysis.",EN
Peartree,Producing Data,GTFS,GTFS Analysis Tools,https://github.com/kuanb/peartree,,A library for converting GTFS feed schedules into a representative directed network graph. The tool uses Partridge to convert the target operator schedule data into Pandas dataframes and then NetworkX to hold the manipulated schedule data as a directed multigraph.,EN
R5: Rapid Realistic Routing on Real-world and Reimagined networks,Producing Data,GTFS,GTFS Analysis Tools,https://github.com/conveyal/r5,https://conveyal.com/learn,"Developed to power Conveyal's web-based interface for scenario planning and land-use/transport accessibility analysis, R5 is our routing engine for multimodal networks with a particular focus on public transit",EN
tidytransit,Producing Data,GTFS,GTFS Analysis Tools,https://github.com/r-transit/tidytransit,https://r-transit.github.io/tidytransit/,"Use tidytransit to map transit stops and routes, calculate travel times and transit frequencies, and validate transit feeds. Tidytransit reads the General Transit Feed Specification into tidyverse and simple features data frames.",EN
transitr,Producing Data,GTFS,GTFS Analysis Tools,https://github.com/tmelliott/transitr,,An R package for constructing and modelling a transit network in real time to obtain vehicle ETAs,EN
transit-intensity,Producing Data,GTFS,GTFS Analysis Tools,https://github.com/ioTransit/transit-intensity,,A simple project for measuring transit intensity,EN
Busbuzzard,Producing Data,GTFS,GTFS Analysis Tools,https://github.com/bmander/busbuzzard,,Inference of probabilistic schedules from empirical data about transit vehicles.,EN
GTFS-to-Chart,Producing Data,GTFS,GTFS Analysis Tools,https://github.com/BlinkTagInc/gtfs-to-chart,,Generate stringline charts from GTFS transit data,EN
GTFS Display,Producing Data,GTFS,GTFS Analysis Tools,https://codeberg.org/dancingCycle/gtfs-display,,Display data from GTFS files.,EN
PTNA,Producing Data,GTFS,GTFS Analysis Tools,https://github.com/osm-ToniE,https://wiki.openstreetmap.org/wiki/Public_Transport_Network_Analysis,Public Transport Network Analysis. An open-source system for finding and aggregating information about public transportation lines mapped in OpenStreetMap (OSM).,EN
GTFS-to-HTML,Producing Data,GTFS,Timetable Publishing,,https://gtfstohtml.com,Generate human-readable HTML timetables from GTFS,EN
Timetable Kit,Producing Data,GTFS,Timetable Publishing,https://github.com/neroden/timetable_kit,,A Python toolkit for generating human-readable timetables from GTFS data; uses PANDAS and gtfs_kit,EN
TimeTablePublisher (TTPUB),Producing Data,GTFS,Timetable Publishing,https://github.com/OpenTransitTools/ttpub,,"The TimeTablePublisher (TTPUB) is a web publishing system that allows a transit agency to examine, modify, and transform raw scheduling data into easy-to-read timetables for customer information purposes. The application simplifies and accelerates the production of printed on-street schedules and web schedules, which is often a very time-consuming and manual process for most agencies. This results in more accurate, current, and consistent schedule information for the customer.",EN
Conveyal's gtfs-validator,Producing Data,GTFS,GTFS Validators,https://github.com/conveyal/gtfs-validator,,A Java framework for GTFS validation and statistics.,EN
Conveyal's gtfs-lib,Producing Data,GTFS,GTFS Validators,https://github.com/conveyal/gtfs-lib/,,A library for loading and saving GTFS feeds of arbitrary size with disk-backed storage,EN
GTFS Data Package Specification,Producing Data,GTFS,GTFS Validators,https://github.com/Stephen-Gates/GTFS,,"Public transport data in GTFS format with schemas, a data package and tests",EN
gtfstidy,Producing Data,GTFS,GTFS Validators,https://github.com/patrickbr/gtfstidy,,"A tool for checking, sanitizing and minimizing GTFS feeds.",EN
gtfsclean,Producing Data,GTFS,GTFS Validators,https://github.com/public-transport/gtfsclean,,"Tidy (and validate) GTFS feeds. Fixes small inconsistencies, minimizes the overall feed size, and prepares the feed for secure, standard-compliant further use.",EN
GTFSVTOR,Producing Data,GTFS,GTFS Validators,https://github.com/mecatran/gtfsvtor,https://gtfsvtor.mecatran.com/utw-test/web/pub/gtfsvtor,GTFSVTOR - Fast GTFS validator,EN
MobilityData's gtfs-validator,Producing Data,GTFS,GTFS Validators,https://github.com/MobilityData/gtfs-validator,https://gtfs-validator.mobilitydata.org/,Evaluate your dataset against the official GTFS Reference and Best Practices.,EN
Reflect GTFS Validator (hosted by Foursquare ITP),Producing Data,GTFS,GTFS Validators,,https://reflect.foursquareitp.com,Use the Reflect GTFS Validator as a first step toward accurately representing your agency‚Äôs services on trip planners like Google Maps.,EN
Transit App's gtfs-fares-v2-validator,Producing Data,GTFS,GTFS Validators,https://github.com/TransitApp/gtfs-fares-v2-validator,,Validates GTFS fares-v2 datasets,EN
Transport Validator,Producing Data,GTFS,GTFS Validators,https://github.com/etalab/transport-validator/,https://transport.data.gouv.fr/validation?locale=en,transport-validator is the tool used by the French National Access Point to validate GTFS files. ,FR
üáØüáµ GTFS.JP ,Producing Data,GTFS,GTFS Courses,,https://www.gtfs.jp/,GTFS Japan,JP
gtfs-accessiblity-validator,Producing Data,GTFS,GTFS Validators,https://github.com/BlinkTagInc/gtfs-accessibility-validator,,Validate GTFS transit data accessibility fields,EN
GTFS-realtime documentation,Producing Data,GTFS Realtime,GTFS Realtime Documentation,https://github.com/google/transit/tree/master/gtfs-realtime,,This directory contains GTFS Realtime Specification and documentation.,EN
GTFS-realtime Autodoc,Producing Data,GTFS Realtime,GTFS Realtime Documentation,,https://laidig.github.io/gtfs-rt-autodoc/index.html,,EN
gtfs-realtime-bindings,Producing Data,GTFS Realtime,GTFS Realtime Libraries & Demo Apps,https://github.com/google/gtfs-realtime-bindings,,Language bindings generated from the GTFS Realtime protocol buffer spec for popular languages.,EN
gtfs-rt,Producing Data,GTFS Realtime,GTFS Realtime Libraries & Demo Apps,https://github.com/barzamin/gtfs-rt,https://crates.io/crates/gtfs-rt,"A small (trivial, really!) crate for reading protobuf-encoded gtfs-rt data. this crate will get you a nice, nested-struct, Serde-serializable form of any protobuf blob a transit authority might provide, but that's pretty much it: it doesn't help you make sense of this. also, if you're a transit provider, it doesn't have functionality to help you make gtfs-rt protobuf blobs.",EN
GTFS-realtime Exporter,Producing Data,GTFS Realtime,GTFS Realtime Libraries & Demo Apps,https://github.com/OneBusAway/onebusaway-gtfs-realtime-exporter/wiki,,The onebusaway-gtfs-realtime-exporter module provides a number of methods to assist you in producing and sharing a GTFS-realtime real-time transit data feed.,EN
GTFS-realtime Alerts Producer Demo,Producing Data,GTFS Realtime,GTFS Realtime Libraries & Demo Apps,https://github.com/OneBusAway/onebusaway-gtfs-realtime-alerts-producer-demo/wiki,,A demo project to show how to produce a GTFS-realtime alerts feed.,EN
GTFS-realtime Alerts Producer Web Application,Producing Data,GTFS Realtime,GTFS Realtime Libraries & Demo Apps,https://github.com/OneBusAway/onebusaway-service-alerts,,Web-based application for managing real-time transit service alerts.,EN
GTFS-realtime TripUpdates & VehiclePositions Producer Demo,Producing Data,GTFS Realtime,GTFS Realtime Libraries & Demo Apps,https://github.com/OneBusAway/onebusaway-gtfs-realtime-trip-updates-producer-demo/wiki,,A quick demo project that shows how to produce GTFS-realtime trip update and vehicle position feeds.,EN
GTFS-realtime Vehicle Positions Consumer/Visualizer Demo,Producing Data,GTFS Realtime,GTFS Realtime Libraries & Demo Apps,https://github.com/OneBusAway/onebusaway-gtfs-realtime-visualizer,,A visualizer for GTFS-realtime transit data.,EN
MobilityData's GTFS Realtime Validator,Producing Data,GTFS Realtime,GTFS Realtime Validators,https://github.com/MobilityData/gtfs-realtime-validator,,Java-based tool that validates General Transit Feed Specification (GTFS)-realtime feeds.,EN
GTFS-realtime to SQL,Producing Data,GTFS Realtime,GTFS Realtime (and Other Real-time API) Archival Tools,https://github.com/OpenMobilityData/GtfsRealTimeToSql,,,EN
gtfsrdb,Producing Data,GTFS Realtime,GTFS Realtime (and Other Real-time API) Archival Tools,https://github.com/CUTR-at-USF/gtfsrdb,,GTFSrDB is a tool to archive gtfs-realtime data to a database.,EN
retro-gtfs,Producing Data,GTFS Realtime,GTFS Realtime (and Other Real-time API) Archival Tools,https://github.com/SAUSy-Lab/retro-gtfs,,Collect real-time transit data and process it into a retroactive GTFS 'schedule' which can be used for routing/analysis,EN
Transi,Producing Data,GTFS Realtime,GTFS Realtime (and Other Real-time API) Archival Tools,https://gitlab.com/cutr-at-usf/transi,,,EN
GTFS-Realtime-Capsule,Producing Data,GTFS Realtime,GTFS Realtime (and Other Real-time API) Archival Tools,https://github.com/tsdataclinic/gtfs-realtime-capsule,,Tool to archive GTFS-rt data,EN
gtfsdb_realtime,Producing Data,GTFS Realtime,GTFS Realtime (and Other Real-time API) Archival Tools,https://github.com/OpenTransitTools/gtfsdb_realtime,,Real-time GTFS database loader and ORM library.,EN
SIRI to GTFS-realtime,Producing Data,GTFS Realtime,GTFS Realtime Convertors,https://github.com/OneBusAway/onebusaway-gtfs-realtime-from-siri-cli,,Produce GTFS-realtime data from a SIRI data source.,EN
OrbCAD SQL Server to GTFS-realtime,Producing Data,GTFS Realtime,GTFS Realtime Convertors,https://github.com/CUTR-at-USF/HART-GTFS-realtimeGenerator/,,Desktop application that retrieves AVL data from Hillsborough Area Regional Transit (HART)'s AVL system and produces Trip Updates and Vehicle Positions files in GTFS-realtime format.,EN
NextBus API to GTFS-realtime,Producing Data,GTFS Realtime,GTFS Realtime Convertors,https://github.com/OneBusAway/onebusaway-gtfs-realtime-from-nextbus-cli/wiki,,An utility to convert real-time public transit data from the NextBus API format into the GTFS-realtime format.,EN
Syncromatics API to GTFS-realtime,Producing Data,GTFS Realtime,GTFS Realtime Convertors,https://github.com/CUTR-at-USF/bullrunner-gtfs-realtime-generator,,Desktop application that retrieves AVL data from the USF Bull Runner's AVL system and produces Trip Updates and Vehicle Positions files in GTFS-realtime format.,EN
"KV6,15,17, and ARNU to GTFS-realtime",Producing Data,GTFS Realtime,GTFS Realtime Convertors,https://github.com/bliksemlabs/bliksemintegration-realtime,,"Bliksemintegration realtime is a factory to process incoming KV6,15,17 and ARNU and match them to static transit data present in a RID integration database.",EN
WMATA BusPositions API to GTFS-realtime,Producing Data,GTFS Realtime,GTFS Realtime Convertors,https://github.com/kurtraschke/wmata-gtfsrealtime,https://kurtraschke.com/2012/11/gtfs-realtime-for-wmata-buses,"GTFS-realtime StopTimeUpdate, VehiclePosition, and Alert feeds for WMATA
",EN
SEPTA API to GTFS-realtime,Producing Data,GTFS Realtime,GTFS Realtime Convertors,https://github.com/kurtraschke/septa-gtfsrealtime,,GTFS-realtime for SEPTA TrainView and TransitView APIs.,EN
CTA API to GTFS-realtime,Producing Data,GTFS Realtime,GTFS Realtime Convertors,https://github.com/kurtraschke/ctatt-gtfsrealtime,,GTFS-realtime for CTA Train Tracker,EN
Detroit DOT to GTFS-realtime,Producing Data,GTFS Realtime,GTFS Realtime Convertors,https://github.com/prashtx/ddot-avl,,A tool to grab AVL data from the database and push it to the ddot-updates service,EN
Live Transit Event Trigger,Producing Data,GTFS Realtime,GTFS Realtime Convertors,https://github.com/ipublic/live_transit_event_trigger,,Database trigger that pushes real time event notifications via http,EN
SoundTransit to GTFS-realtime,Producing Data,GTFS Realtime,GTFS Realtime Convertors,https://github.com/bdferris/onebusaway-sound-transit-realtime,,Support for Sound Transit realtime data streams.,EN
Civic Transit,Producing Data,GTFS Realtime,GTFS Realtime Convertors,https://github.com/jestin/CivicTransit,,My project for the National Day of Civic Hacking. This is to read and standardize the data feeds of public transit systems.,EN
GTFS-realtime VehiclePositions to GTFS-realtime TripUpdates (TransitClock),Producing Data,GTFS Realtime,GTFS Realtime Convertors,https://github.com/TheTransitClock/transitime,https://thetransitclock.github.io/,The leading real-time bus arrival prediction software.,EN
gtfs-realtime-translators,Producing Data,GTFS Realtime,GTFS Realtime Convertors,https://github.com/Intersection/gtfs-realtime-translators,https://ixn.intersection.com/found-in-translation-announcing-a-library-of-gtfs-realtime-translators-1d196857dded,A set of open source Python libraries for translating custom real-time transit data to the GTFS-rt format,EN
Transloc API to GTFS-realtime,Producing Data,GTFS Realtime,GTFS Realtime Convertors,https://github.com/jonathonwpowell/transloc-to-gtfs-real-time,,To Transform Transloc Real Time API to the GTFS RealTime Format,EN
hafas-gtfs-rt-feed,Producing Data,GTFS Realtime,GTFS Realtime Convertors,https://github.com/derhuerst/hafas-gtfs-rt-feed,,Format HAFAS data as GTFS Realtime.,EN
GTFS-realtime to SIRI-Lite,Producing Data,GTFS Realtime,GTFS Realtime Convertors,https://github.com/etalab/transpo-rt/,https://transport.data.gouv.fr/,Simple API for public transport realtime data,FR
bus_kalman,Producing Data,GTFS Realtime,GTFS Realtime Utilities,https://github.com/cmoscardi/bus_kalman,,Using a Kalman Filter to interpolate bus position based on periodic measurements,EN
Concentrate,Producing Data,GTFS Realtime,GTFS Realtime Utilities,https://github.com/mbta/concentrate,,Concentrate: combine realtime transit files,EN
gtfs-realtime-test-service,Producing Data,GTFS Realtime,GTFS Realtime Utilities,https://github.com/CUTR-at-USF/gtfs-realtime-test-service,,A web service that serves up GTFS-rt data in the protocol buffer format for testing.,EN
GTFS-realtime Munin Plugin,Producing Data,GTFS Realtime,GTFS Realtime Utilities,https://github.com/OneBusAway/onebusaway-gtfs-realtime-munin-plugin,,Munin plugin to monitor a GTFS-realtime data source.,EN
GTFS-realtime Nagio Plugin,Producing Data,GTFS Realtime,GTFS Realtime Utilities,https://github.com/OneBusAway/onebusaway-gtfs-realtime-nagios-plugin,,Nagios plugin to monitor a GTFS-realtime data source.,EN
GTFS-realtime Printer,Producing Data,GTFS Realtime,GTFS Realtime Utilities,https://github.com/laidig/gtfs-rt-printer,,Utility to print out GTFS-Realtime,EN
gtfs-rt-admin,Producing Data,GTFS Realtime,GTFS Realtime Utilities,https://github.com/conveyal/gtfs-rt-admin,,An admin tool for managing GTFS-RT alerts,EN
gtfs-rt-differential-to-full-dataset,Producing Data,GTFS Realtime,GTFS Realtime Utilities,https://github.com/derhuerst/gtfs-rt-differential-to-full-dataset,,Transform a stream of DIFFERENTIAL-mode GTFS Realtime (GTFS-RT) FeedEntities into a FULL_DATASET-mode feed.,EN
gtfs-rt-dump,Producing Data,GTFS Realtime,GTFS Realtime Utilities,https://github.com/kurtraschke/gtfs-rt-dump,,Command-line dumper for GTFS-realtime feeds,EN
gtfs-rt-inspector,Producing Data,GTFS Realtime,GTFS Realtime Utilities,https://public-transport.github.io/gtfs-rt-inspector/,,,EN
GTFS Data Pipeline for TfNSW Bus Datasets,Producing Data,GTFS Realtime,GTFS Realtime Utilities,https://github.com/teckkean/GTFS-Data-Pipeline-TfNSW-Bus,https://zenodo.org/records/5594560,GTFS Data Pipeline for TfNSW Bus Datasets,EN
manual-gtfsrt,Producing Data,GTFS Realtime,GTFS Realtime Utilities,https://github.com/pailakka/manual-gtfsrt,,Serves GTFS-RT feed created from editable JSON,EN
print-gtfs-rt-cli,Producing Data,GTFS Realtime,GTFS Realtime Utilities,https://github.com/derhuerst/print-gtfs-rt-cli,,"Read a GTFS Realtime feed from stdin, print human-readable or as JSON.",EN
transitcast,Producing Data,GTFS Realtime,GTFS Realtime Utilities,https://github.com/OpenTransitTools/transitcast,,,EN
transit-feed-quality-calculator,Producing Data,GTFS Realtime,GTFS Realtime Utilities,https://github.com/CUTR-at-USF/transit-feed-quality-calculator,,A tool that uses the gtfs-realtime-validator to calculate the quality of a large number of GTFS-realtime feeds,EN
Transit Network Model,Producing Data,GTFS Realtime,GTFS Realtime Utilities,https://github.com/tmelliott/TransitNetworkModel,,A realtime model of the Auckland Public Transport Network,EN
GTFS Realtime Display,Producing Data,GTFS Realtime,GTFS Realtime Utilities,https://codeberg.org/dancingCycle/gtfs-rt-display,,Display data from GTFS Realtime feeds,EN
GTFS Realtime Prediction Accuracy metrics,Producing Data,GTFS Realtime,GTFS Realtime Utilities,,https://docs.google.com/document/d/1-AOtPaEViMcY6B5uTAYj7oVkwry3LfAQJg3ihSRTVoU/edit#heading=h.j27shba7rlk6,Useful Performance Metrics for GTFS-Realtime,EN
SIRI API,Producing Data,SIRI,,https://github.com/OneBusAway/onebusaway/wiki/SIRI-Resources,,"We provide a number of libraries and tools for working with SIRI real-time data, including support for implementing both SIRI producers and consumers, a simple command-line utility for querying SIRI endpoints, and finally a SIRI repeater application for aggregating, filtering, and rebroadcasting SIRI data.",EN
SIRI 2.0 API,Producing Data,SIRI,,https://github.com/laidig/siri-20-java,,Java Classes for Siri 2.0,EN
SIRI to GTFS-realtime,Producing Data,SIRI,,https://github.com/OneBusAway/onebusaway-gtfs-realtime-from-siri-cli/wiki,,Produce GTFS-realtime data from a SIRI data source.,EN
SIRI 2.0 Autodoc,Producing Data,SIRI,,,https://laidig.github.io/siri-20-java/doc/,XML Schema Documentation,EN
King County Metro Legacy AVL to SIRI,Producing Data,SIRI,,https://github.com/bdferris/onebusaway-king-county-metro/tree/master/onebusaway-king-county-metro-legacy-avl-to-siri,,,EN
SIRI REST Client,Producing Data,SIRI,,https://github.com/CUTR-at-USF/SiriRestClient/wiki,,"The purpose of this project is to stimulate innovation in mobile apps for the SIRI real-time transit API by providing an easy-to-use Android library that makes interacting with the API simple for app developers, thus lowering the learning curve for developing new real-time transit apps.",EN
SIRI 1.3 POJOs (Android-compatible),Producing Data,SIRI,,https://github.com/CUTR-at-USF/onebusaway-siri-api-v13-pojos/wiki,,"The classes in this project provide support for interacting with the SIRI v 1.3 api for real-time transit data, in the form of Plain Old Java Objects (POJOSs), primarily created for use on the Android platform. Android doesn't support XML annotations such as those used in JAXB, and therefore for binding JSON or XML data to Siri Java objects POJOs are required",EN
pysiri2validator,Producing Data,SIRI,,https://github.com/laidig/pysiri2validator,,This provides a simple validator for the SIRI 2.0 specification written in Python 3.,EN
Edwig,Producing Data,SIRI,,https://github.com/af83/edwig,,"Ara is a golang server for real-time public transport data exchange, using the SIRI protocol.",EN
BISON,Producing Data,SIRI,,,https://bison.dova.nu/standaarden/nederlands-siri-profiel,Dutch SIRI Profile,NL
APDS,Producing Data,Other multimodal data formats,,,https://www.allianceforparkingdatastandards.org/,"To create a consensus-built international standard that will establish a common language for data elements and definitions in the parking, transportation, and mobility sectors and facilitate seamless integration, compatibility, and communication between parking entities, the automotive industry, IT developers, map and app providers, as well as other stakeholders.",EN
DATEX,Producing Data,Other multimodal data formats,,,https://datex2.eu/,DATEX II is the reference data standard in Europe for road traffic and travel information.,EN
MDS,Producing Data,Other multimodal data formats,,https://github.com/openmobilityfoundation/mobility-data-specification,https://www.openmobilityfoundation.org/about-mds/,"A data specification to enable right-of-way regulation, digital policy, geofencing, and two-way communication between mobility companies and public agencies worldwide.",EN
NeTex,Producing Data,Other multimodal data formats,,https://github.com/NeTEx-CEN/NeTEx,http://netex-cen.eu/,NeTEx (Network Timetable Exchange) is a CEN Technical Standard for exchanging Public Transport schedules and related data. ,EN
TODS,Producing Data,Other multimodal data formats,,,https://ods.calitp.org/,"The Transit Operational Data Standard (TODS) is an open standard for describing how to operate scheduled transit operations which can be used to port scheduled operations between software products (e.g. scheduling systems and CAD/AVL systems), agencies, and more. ",EN
TOMP,Producing Data,Other multimodal data formats,,https://github.com/TOMP-WG/TOMP-API,,Transport Operator to Mobility-as-a-Service Provider-API development for Mobility as a Service,EN
CurbLR,Producing Data,Other multimodal data formats,,https://github.com/curblr/curblr-spec,,"An open, linear-referenced data standard for curb regulations",EN
Dyno-Path,Producing Data,Other multimodal data formats,,https://github.com/osplanning-data-standards/dyno-path,,Demand format suitable for dynamic network models,EN
GTFS-ride,Producing Data,Other multimodal data formats,,https://github.com/ODOT-PTS/GTFS-ride,https://gtfsride.org/,GTFS-ride is an open standard for storing and sharing fixed-route transit ridership data.,EN
GTFS-stat,Producing Data,Other multimodal data formats,,https://github.com/osplanning-data-standards/GTFS-STAT,,Report of GTFS performance compared to schedule.,EN
GMNS,Producing Data,Other multimodal data formats,,https://github.com/zephyr-data-specs/GMNS,https://zephyr-data-specs.github.io/GMNS/,The General Modeling Network Specification (GMNS) defines a common machine (and human) readable format for sharing routable road network files. It is designed to be used in multi-modal static and dynamic transportation planning and operations models.,EN
GTNS,Producing Data,Other multimodal data formats,,,https://zephyrtransport.org/trb17projects/7-general-travel-network-specification/,,EN
IXSI,Producing Data,Other multimodal data formats,,https://github.com/RWTH-i5-IDSG/ixsi,,"IXSI is a interface for exchanging information between a Travel Information System and a Ride Sharing System (Carsharing, Bikesharing).",EN
MTLFS,Producing Data,Other multimodal data formats,,https://github.com/vta/Managed-and-Tolled-Lanes-Feed-Specification,,Proposal for a schema that comprise the Managed and Tolled Lanes Tolling Feed Specification (MTLFS) and defines the fields used in all of those files.,EN
MaaS API,Producing Data,Other multimodal data formats,,https://github.com/maasglobal/maas-tsp-api/blob/master/specs/Booking.md,,"This is the WhimApp TSP (Transport service provider) API repository, containing OpenAPI specification, JSON schema for data model and examples.",EN
NCHRP 08-119,Producing Data,Other multimodal data formats,,,http://apps.trb.org/cmsfeed/TRBNetProjectDisplay.asp?ProjectID=4543,"The objective of this research is to develop tools, methods, and guidance for improving data integration, sharing, and management practices to enable transportation agencies, in collaboration with private-sector and public-sector stakeholders, to make better planning and operations decisions. Secondary benefits will be increased uniformity of data across states and improved consistency of practice.",EN
OMX,Producing Data,Other multimodal data formats,,https://github.com/osPlanning/omx,https://github.com/osPlanning/omx/wiki,An OMX matrix file is a structured collection of two-dimensional array objects and associated metadata. OMX is built on top of the well-established HDF5 scientific data storage standard. ,EN
OJP,Producing Data,Other multimodal data formats,,https://github.com/VDVde/OJP,https://www.vdv.de/projekte.aspx,Open API for distributed journey planning. CEN/TS 17118:2017.,"EN, DE"
OSDM,Producing Data,Other multimodal data formats,,https://github.com/UnionInternationalCheminsdeFer/OSDM,https://osdm.io/,Projects related to an open sales & distribution API for public transportation.,EN
SAE Shared and Digital Mobility Committee,Producing Data,Other multimodal data formats,,,http://articles.sae.org/15799/,"Public and private partnerships to standardize data, share data, and protect sensitive data are being formed to help understand‚Äîand at the same time define‚Äîshared-mobility‚Äôs potential to transform the transportation network.",EN
shared-row,Producing Data,Other multimodal data formats,,https://github.com/d-wasserman/shared-row,,This is an open data specification for describing the right-of-way (ROW) for street centerline networks. It is intended to establish a common set of attributes (schema) to describe how space is allocated along a streets right of way from sidewalk edge to sidewalk edge.,EN
TCRP G-16,Producing Data,Other multimodal data formats,,,http://apps.trb.org/cmsfeed/TRBNetProjectDisplay.asp?ProjectID=4120,Development of Transactional Data Specifications for Demand-Responsive Transportation,EN
TIDES,Producing Data,Other multimodal data formats,,https://github.com/TIDES-transit/TIDES,https://tides-transit.org/main/,"TIDES is the Transit Integrated Data Exchange Specification and is your key to accessing, managing, and using transit operations data.",EN
GraphHopper Routing Engine,Producing Data,Software for Creating APIs,,https://github.com/graphhopper/graphhopper/#public-transit,https://www.graphhopper.com/open-source/,Open source routing engine for OpenStreetMap. Use it as Java library or standalone web server.,"EN, DE"
gtfs-server,Producing Data,Software for Creating APIs,,https://github.com/denysvitali/gtfs-server,https://denysvitali.github.io/gtfs-server/gtfs_server/index.html,A General Transit Feed Specification (GTFS) server written in Rust. Expose a REST API,EN
hafas-rest-api,Producing Data,Software for Creating APIs,,https://github.com/public-transport/hafas-rest-api,,Expose a HAFAS client via an HTTP REST API.,EN
Linked Connections,Producing Data,Software for Creating APIs,,https://github.com/linkedconnections/gtfs2lc,http://linkedconnections.org/,"Instead of publishing a dump of time schedules or a fully-fledged route planner, Linked Connections puts forward a publishing mechanism that gives clients access to the data ready to be used by a route planning algorithm. ",EN
Mobroute,Producing Data,Software for Creating APIs,,,http://sr.ht/~mil/mobroute,Mobroute is a general purpose FOSS public transportation router (e.g. trip planner) Go library and CLI that works by directly ingesting timetable (GTFS) data from transit agencies themselves (sourced from the Mobility Database).,EN
MOTIS,Producing Data,Software for Creating APIs,,https://github.com/motis-project/motis,,"multimodal routing, geocoding, and map tiles",EN
Navitia,Sharing Data,Places to access data,Proprietary (non-standard) vendor APIs,https://github.com/hove-io/navitia,https://doc.navitia.io/#getting-started,The open source software to build cool stuff with locomotion,"EN, FR"
OneBusAway,Producing Data,Software for Creating APIs,,,http://onebusaway.org/,"OneBusAway is a suite of open source transit information tools that enable transit agencies to provide real-time vehicle locations, alerts, and arrival information to riders, with iOS and Android apps, a web platform, and robust APIs, as well as back office support.",EN
OpenTripPlanner,Producing Data,Software for Creating APIs,,https://github.com/opentripplanner/OpenTripPlanner,http://www.opentripplanner.org/,"OpenTripPlanner (OTP) is a family of open source software projects that provide passenger information and transportation network analysis services. The core server-side Java component finds itineraries combining transit, pedestrian, bicycle, and car segments through networks built from widely available, open standard OpenStreetMap and GTFS data.",EN
Simple Transit Api,Producing Data,Software for Creating APIs,,https://github.com/ioTransit/simple-transit-api,,A simple transit api written in Go with gtfsparser and Echo,EN
Transitous,Producing Data,Software for Creating APIs,,https://github.com/public-transport/transitous,https://transitous.org,Transitous is a community-run provider-neutral international public transport routing service. Using openly available data and a FOSS routing engine we operate a free to use routing service that does not stop at borders.,EN
The Mobility Database,Sharing Data,Places to access data,3rd party GTFS URL directories,https://github.com/MobilityData/mobility-database-catalogs,https://mobilitydatabase.org/,"Explore and Access Global Transit Data, with more than 400 feeds.",EN
Transitland,Sharing Data,Places to access data,3rd party GTFS URL directories,,https://transit.land/,"Transitland is an open data platform powered by GTFS, GTFS Realtime, GBFS, and other open data feeds from 2,500+ transit operators across 55+ countries .",EN
TransitData.io,Sharing Data,Places to access data,3rd party GTFS URL directories,,https://transitdata.io/,Estamos mapeando el transporte en Latinoam√©rica,ES
CapMetrics,Sharing Data,Places to access data,Transit agency data archives,https://github.com/scascketta/CapMetrics,,"This repo contains vehicle location data provided by Capital Metro. The data describing the routes, schedules etc is described by a standard format called GTFS.",EN
capmetricsd,Sharing Data,Places to access data,Transit agency data archives,https://github.com/scascketta/capmetricsd,,A Go daemon for archiving data from GTFS-realtime feeds.,EN
Bus Observatory API,Sharing Data,Places to access data,Transit agency data archives,,https://api.busobservatory.org/,"The Bus Observatory is a public archive of real-time data on vehicle movements and status, collected from transit systems around the world. This free service is provided by the Jacobs Urban Tech Hub at Cornell Tech.",EN
National Transit Database (USA),Sharing Data,Places to access data,National government datasets,,https://www.transit.dot.gov/ntd,"After data reporting was required by Congress in 1974, the FTA's National Transit Database (NTD) was set up to be the repository of data about the financial, operating and asset conditions of American transit systems.",EN
transport.data.gouv (France),Sharing Data,Places to access data,National government datasets,https://github.com/etalab/transport-site/,https://transport.data.gouv.fr/,French national access point to transport data,"EN, FR"
European transport feeds,Sharing Data,Places to access data,National government datasets,https://github.com/public-transport/european-transport-feeds,https://eu.data.public-transport.earth/,"Source code of the ""list of european transport feeds"" website.",EN
Transport API,Sharing Data,Places to access data,Proprietary (non-standard) vendor APIs,,https://www.transportapi.com/,We‚Äôre the UK‚Äôs leading managed services provider for transport data and power over 25% of transport operator apps by operator market share nationally!,EN
NextBus API,Sharing Data,Places to access data,Proprietary (non-standard) vendor APIs,,http://www.nextbus.com/xmlFeedDocs/NextBusXMLFeed.pdf,,EN
HAFAS,Sharing Data,Places to access data,Proprietary (non-standard) vendor APIs,,https://de.wikipedia.org/wiki/HAFAS,The HaCon timetable information system ( HAFAS ) is timetable information software from the company HaCon ( Hannover Consulting ). HaCon has been a wholly owned subsidiary of Siemens AG since 2017.,DE
Citymapper API,Sharing Data,Places to access data,Proprietary (non-standard) vendor APIs,,https://docs.external.citymapper.com/api/,Add journey planning and turn-by-turn navigation to your products with our APIs.,EN
TripGo API,Sharing Data,Places to access data,Proprietary (non-standard) vendor APIs,,https://developer.tripgo.com,"TripGo's REST API delivers door-to-door itineraries that blend public transit, micromobility, rideshare, taxi and walking - complete with live departure times, fares, emissions and accessibility flags.",EN
Citylines.co,Sharing Data,Places to access data,Crowdsourced transit data,,https://www.citylines.co,We want to map all the transit systems of the world.,EN
OpenStreetMap (OSM),Sharing Data,Places to access data,Crowdsourced transit data,,https://www.openstreetmap.org,The largest contributive map,EN
GTFS-Hub,Sharing Data,Places to access data,Crowdsourced transit data,https://github.com/mfdz/gtfs-hub,,"Collecting, shape-enhancing, validating, fixing and (partially) merging GTFS feeds",EN
sample-gtfs-feed,Sharing Data,Places to access data,Sample GTFS and GTFS Realtime datasets,https://github.com/public-transport/sample-gtfs-feed,,An imaginary GTFS data set used for testing.,EN
Transitland GTFS and GTFS Realtime unit tests,Sharing Data,Places to access data,Sample GTFS and GTFS Realtime datasets,https://github.com/interline-io/transitland-lib,https://pkg.go.dev/github.com/interline-io/transitland-lib/tl,"Library and tool for reading, writing, and processing transit data",EN
Catenary Maps,Using Data,Consumer Apps,Web Apps (open source),,https://catenarymaps.org,"Catenary is a student-led non-profit organization at the cutting edge of transit and routing research, exploring and innovating ways to help people navigate the world around them.",EN
Instabus,Using Data,Consumer Apps,Web Apps (open source),,http://instabus.org,,EN
OpenTripPlanner Client GWT,Using Data,Consumer Apps,Web Apps (open source),https://github.com/mecatran/OpenTripPlanner-client-gwt,,GWT client for OpenTripPlanner,EN
OpenTripPlanner.js,Using Data,Consumer Apps,Web Apps (open source),https://github.com/conveyal/otp.js,,OTP Javascript Client & Data Bindings,EN
OTP-UI React Component Library,Using Data,Consumer Apps,Web Apps (open source),https://github.com/opentripplanner/otp-ui,,"React component library, which can be used to build trip planner webapps.",EN
GTFS-realtime Alerts Producer Web Application,Using Data,Consumer Apps,Web Apps (open source),https://github.com/OneBusAway/onebusaway-service-alerts,,Web-based application for managing real-time transit service alerts.,EN
HRT BUS Web app,Using Data,Consumer Apps,Web Apps (open source),https://github.com/Code4HR/hrt-bus-api,http://api.hrtb.us/api,"API and Map app that transform, store, and expose HRT Bus data through a RESTful HTTP endpoint. Python, Heroku, @bschoenfeld",EN
Transit-Map,Using Data,Consumer Apps,Web Apps (open source),https://github.com/vasile/transit-map,,The server and client used in transit map simulations like swisstrains.ch,EN
Transitive.js,Using Data,Consumer Apps,Web Apps (open source),https://github.com/conveyal/transitive.js,http://conveyal.github.io/transitive.js/,Transit data visualization,EN
Google I/O Transport Tracker,Using Data,Consumer Apps,Web Apps (open source),https://github.com/googlemaps/transport-tracker,,Applications for tracking moving assets on a live map,EN
1-Click,Using Data,Consumer Apps,Web Apps (open source),https://github.com/camsys/oneclick,,Repo for the 1-Click VTCLI open-source project,EN
Bustime,Using Data,Consumer Apps,Web Apps (open source),,https://busti.me,Bus times across different cities with accessibility features,FR
Transit Tracker,Using Data,Consumer Apps,Web Apps (open source),https://github.com/TransitTracker/frontend,https://transittracker.ca,An overview of the public transit network for different cities,EN
Dede app,Using Data,Consumer Apps,Web Apps (open source),https://github.com/dancesWithCycles/dede-android,,,EN
MBTA tile-server,Using Data,Consumer Apps,Web Apps (open source),https://github.com/mbta/tile-server,,The goal of this repository is to facilitate the creation of a Docker container that encapsulates all the elements necessary to develop map tiles (OpenStreetMap) for use on MBTA.com. The resulting tile images are published to S3.,EN
Cad√™ Meu Bus√£o,Using Data,Consumer Apps,Web Apps (open source),https://github.com/tarifazero/monitoramento,https://tarifazerobh.org/cade-meu-busao/,Cad√™ Meu Bus√£o is a tool designed to provide greater transparency regarding data related to the public bus transportation system in Belo Horizonte. ,"EN, PT"
Tiramisu Transit,Using Data,Consumer Apps,Web Apps (open source),https://github.com/CMU-RERC-APT/tiramisu3-pr,,Public Release version of Tiramisu3 (CMU transit information app),EN
actionfigure.ai (TransitScreen),Using Data,Consumer Apps,Web Apps (closed source),,http://transitscreen.com/,"With our TransitScreen¬Æ displays, mobile and web apps, you can provide real-time transit information that makes travel easier, encourages sustainable choices, and makes your property a more connected and valuable place to be.",EN
Bongo,Using Data,Consumer Apps,Web Apps (closed source),,http://ebongo.org,,EN
CityMapper Webapp,Using Data,Consumer Apps,Web Apps (closed source),,https://citymapper.com/nyc,CityMapper Webapp for New York City,EN
TransSee,Using Data,Consumer Apps,Web Apps (closed source),,https://www.transsee.ca/,"TransSee is a web application that provides real-time bus tracking and next vehicle predictions to a growing list of transit agencies, including most of North America's largest systems, New York MTA, LA Metro, Chicago CTA and TransSee's home system the Toronto TTC.",EN
YourStop,Using Data,Consumer Apps,Web Apps (closed source),,http://yourstop.info,Find a stop and get times,EN
DC MetroHero,Using Data,Consumer Apps,Web Apps (closed source),,https://dcmetrohero.net,"We let you see the position of every Metrorail train in real time, giving you the clearest picture of the current state of the entire DC Metro system.",EN
KDE Itinerary,Using Data,Consumer Apps,Native Apps (open source),,https://apps.kde.org/itinerary/,KDE Itinerary is a digital travel assistant that protects your privacy. It makes collecting all the information about your travel inside a single application easy and straightforward. KDE Itinerary is available for Plasma Mobile and Android.,EN
MACS Transit Android App,Using Data,Consumer Apps,Native Apps (open source),https://github.com/yeSpud/MACSTransitApp,https://play.google.com/store/apps/details?id=fnsb.macstransit,"This is the source code for the dedicated bus tracker app for android devices for the MACS Transit system in Fairbanks, Alaska. This project was originally intended as an entry for the AK Dev alliance Hackathon in 2019, but development has continued after the event finalized.",EN
Next Train - Connecticut,Using Data,Consumer Apps,Native Apps (open source),https://github.com/data-creative/NextTrainCT,,"A react-native mobile app for searching train schedules published by the Shore Line East transit agency in Connecticut, USA.",EN
Offi Directions,Using Data,Consumer Apps,Native Apps (open source),https://gitlab.com/oeffi/oeffi,,"All-in-one app for public transit: trip planner (door to door), live departure times (including delays), nearby stations (also on a map) and interactive network plans.","EN, DE"
OneBusAway Android,Using Data,Consumer Apps,Native Apps (open source),,https://play.google.com/store/apps/details?id=com.joulespersecond.seattlebusbot,,EN
OneBusAway Fire Phone,Using Data,Consumer Apps,Native Apps (open source),,http://www.amazon.com/gp/mas/dl/android?p=com.joulespersecond.seattlebusbot,,EN
OneBusAway iOS,Using Data,Consumer Apps,Native Apps (open source),,https://itunes.apple.com/us/app/onebusaway/id329380089,,EN
OneBusAway Windows Phone,Using Data,Consumer Apps,Native Apps (open source),,https://www.microsoft.com/en-us/store/apps/onebusaway/9nblggh0cbd9,,EN
OneBusAway Google Glass GDK,Using Data,Consumer Apps,Native Apps (open source),https://github.com/OneBusAway/onebusaway-android/pull/219,,,EN
OneBusAway Alexa skill,Using Data,Consumer Apps,Native Apps (open source),,https://www.amazon.com/OneBusAway/dp/B01ELVUYCW/,,EN
OpenTripPlanner Android,Using Data,Consumer Apps,Native Apps (open source),https://github.com/CUTR-at-USF/OpenTripPlanner-for-Android/wiki,,This project is an open-source Android client for the OpenTripPlanner project. It is designed to interface with any OpenTripPlanner server via the OTP RESTful API.,EN
OpenTripPlanner iOS,Using Data,Consumer Apps,Native Apps (open source),https://github.com/opentripplanner/OpenTripPlanner-iOS,,An iOS app that gives users the ability to plan trip itineraries powered by OpenTripPlanner.,EN
opentripplanner-client-library,Using Data,Consumer Apps,Native Apps (open source),https://github.com/CUTR-at-USF/opentripplanner-client-library,,A Kotlin Multiplatform Mobile client library for the OpenTripPlanner project (http://www.opentripplanner.org/) server (v2 and higher),EN
Transito,Using Data,Consumer Apps,Native Apps (open source),http://git.sr.ht/~mil/transito,,FOSS data-provider-agnostic (GTFS) public transportation app; supports Android & Linux. Point-to-point directions without comprising user freedoms or privacy.,EN
Tiramisu Transit,Using Data,Consumer Apps,Native Apps (open source),https://github.com/CMU-RERC-APT/tiramisu3-pr#mobile-app-client,,"This is the Public Release version of Tiramisu3, an adaptive mobile transit app that shows real-time bus arrival information developed and deployed by Carnegie Mellon University.",EN
Transportr,Using Data,Consumer Apps,Native Apps (open source),https://github.com/grote/Transportr,https://transportr.app,Free Public Transport Assistant without Ads or Tracking,EN
Trufi App,Using Data,Consumer Apps,Native Apps (open source),https://github.com/trufi-association/trufi-app,https://www.trufi.app/,Trufi-Core Adaptation for Cochabamba-Bolivia,EN
Transit,Using Data,Consumer Apps,Native Apps (closed source),,http://transitapp.com/,"Our app makes it easy to navigate cities by bus, train, foot, and bike",EN
CityMapper,Using Data,Consumer Apps,Native Apps (closed source),,https://citymapper.com/,Making Cities Usable,EN
Moovit,Using Data,Consumer Apps,Native Apps (closed source),,http://moovitapp.com/,Get Anywhere With Moovit ,EN
Transit Display,Using Data,Consumer Apps,Native Apps (closed source),,http://transitdisplay.com/,Redmon‚Äôs customizable Transit Display solution helps people find nearby transit options and information quickly.,EN
Ualabee,Using Data,Consumer Apps,Native Apps (closed source),,https://ualabee.com/company/,The leading mobility solution in Latin America,"EN, ES"
√ñPNV Navigator,Using Data,Consumer Apps,Native Apps (closed source),,https://navigatorapp.net/,The Public Transport Navigator is your perfect companion for local and long-distance public transport. ,DE
TripGo,Using Data,Consumer Apps,Native Apps (closed source),,https://tripgo.com/,"Door-to-door itineraries that blend public transit, micromobility, rideshare, taxi and walking - complete with live departure times, fares, emissions and accessibility flags.",EN
Bus Tracking GPS,Using Data,Hardware,Experimental and production transit hardware.,https://github.com/herrdragon/busTrackingGps,,"Included original Ada Fruit GPS program, original GPRS HTTP POST program (from Pachube), and both programs combined and modified which is the one that is actually loaded to the Arduino. ",EN
Train departure Display,Using Data,Hardware,Experimental and production transit hardware.,https://github.com/chrisys/train-departure-display,,"A replica, near real-time, miniature UK railway station train departure sign based upon a Raspberry Pi Zero and 256x64 SPI OLED display",EN
TripKit,Using Data,SDKs,Experimental and production transit hardware.,https://github.com/alexander-albers/tripkit,,Swift library for querying data from public transport providers.,EN
KPublicTransport,Using Data,SDKs,Experimental and production transit hardware.,https://invent.kde.org/libraries/kpublictransport,,"Library to assist with accessing public transport timetables and other data
",EN
SkedGo's TripKit SDKs,Using Data,SDKs,Experimental and production transit hardware.,,https://developer.tripgo.com,"TripGo's REST API delivers door-to-door itineraries that blend public transit, micromobility, rideshare, taxi and walking - complete with live departure times, fares, emissions and accessibility flags.",EN
All Transit,Using Data,Visualizations,GTFS Based Visualizations,https://all-transit.com,,,EN
BusGraphs Access Analyzer,Using Data,Visualizations,GTFS Based Visualizations,https://gitlab.com/publictransitanalytics-pub/readme,,This is a tool for quantifying and exploring the amount of access allowed by transit and walking in arbitrary areas. ,EN
fastest-bus-analysis-in-the-west,Using Data,Visualizations,GTFS Based Visualizations,https://github.com/vta/fastest-bus-analysis-in-the-west,,"This program pulls data from different sources like Swiftly and ridership and other sources for bus and light rail routes, to better quantify and visualize ridership and speed information.",EN
gtfspy-webviz,Using Data,Visualizations,GTFS Based Visualizations,https://github.com/CxAalto/gtfspy-webviz,,Visualizing public transport schedule data (GTFS) interactively in a web-browser.,EN
gtfs-to-geojson,Using Data,Visualizations,GTFS Based Visualizations,https://www.transit.chat/gtfs-to-geojson,,,EN
gtfs-visualizations,Using Data,Visualizations,GTFS Based Visualizations,https://github.com/cmichi/gtfs-visualizations,http://micha.elmueller.net/2014/05/gtfs-visualizations/,The idea of this project is to generate beautiful and informative visualizations from publicly available GTFS datasets. The program draws the routes which transportation entities take and emphasizes the ones which are frequented more often by painting them thicker and in a stronger opacity.,EN
Mapnificent,Using Data,Visualizations,GTFS Based Visualizations,https://github.com/mapnificent/mapnificent,https://www.mapnificent.net/,Shows you areas you can reach with public transport in a given time.,EN
MIT COAXS,Using Data,Visualizations,GTFS Based Visualizations,,http://mittransportanalyst.github.io/,Collaborative Accessibility-Based Stakeholder Engagement for transit planning,EN
MOTIS,Using Data,Visualizations,GTFS Based Visualizations,https://github.com/motis-project/motis,https://matrix.to/#/#motis:matrix.org,MOTIS stands for Modular Open Transportation Information System. It is an open-source software platform designed to facilitate efficient planning and routing in multi-modal transportation systems. ,EN
MTA Frequency,Using Data,Visualizations,GTFS Based Visualizations,,http://www.tyleragreen.com/maps/new_york/,,EN
SEPTA Rail OTP Report,Using Data,Visualizations,GTFS Based Visualizations,https://github.com/fulldecent/septa-regionalrail-otp,https://apps.phor.net/septa/,We log every train's location every minute from 2009 until present to recommend schedule changes for chronically late service.,EN
Simple Transit Map,Using Data,Visualizations,GTFS Based Visualizations,https://github.com/ioTransit/simple-transit-map,,Simple Transit Map is a way for transit agencies to generate simple to use transit maps that stay up to date with their GTFS.,EN
Simple Transit Site,Using Data,Visualizations,GTFS Based Visualizations,https://transit.chat/simple-transit-site,,,EN
TNExT,Using Data,Visualizations,GTFS Based Visualizations,https://github.com/ODOT-PTS/TNExT,,"The Transit Network Explorer Tool (TNExT) is a web-based software tool developed for the visualization, analysis, and reporting of regional and statewide transit networks in the state of Oregon.",EN
Toronto Transit Explorer,Using Data,Visualizations,GTFS Based Visualizations,https://github.com/sidewalklabs/totx,,"The Toronto Transit Explorer app visualizes transit, biking and walking accessibility across the city of Toronto.",EN
Transit Vis,Using Data,Visualizations,GTFS Based Visualizations,https://github.com/zackAemmer/transit_vis,,Visualization Tool for GTFS-RT Bus Delays,EN
TransitFlow,Using Data,Visualizations,GTFS Based Visualizations,https://github.com/transitland/transitland-processing-animation,,Animating scheduled transit trips using the Transitland API and Processing,EN
TRAVIC Transit Visualization Client,Using Data,Visualizations,GTFS Based Visualizations,,http://tracker.geops.ch/,"Our portal combines maps of many aspects of public transport and mobility in general, e.g. real-time vehicle positions, line network plans, transit-maps, fare networks, location and detailed information on stations. ","EN, DE"
Traze,Using Data,Visualizations,GTFS Based Visualizations,,https://traze.app/,,EN
Visualizing MBTA Data,Using Data,Visualizations,GTFS Based Visualizations,https://github.com/mbtaviz/mbtaviz.github.io,http://mbtaviz.github.io/,An interactive exploration of Boston's subway system,EN
GTFS Viz,Using Data,Visualizations,GTFS Based Visualizations,https://github.com/gabrielAHN/gtfs-viz,https://gtfs-viz-production-f1a4.up.railway.app/,A project renders at scale GTFS files on the client side only without backend,EN
Brand New Subway,Using Data,Visualizations,Transit Map Creation,,https://jpwright.github.io/subway/,A transit network building game for New York City.,EN
BENO Metro Map Creator,Using Data,Visualizations,Transit Map Creation,,https://beno.uk/metromapcreator/#,Draw a transit network.,EN
Tennessine Metro Designer,Using Data,Visualizations,Transit Map Creation,,https://tennessine.co.uk/metro/,Create your very own metro map and share it with the world.,EN
loom,Using Data,Visualizations,Transit Map Creation,https://github.com/ad-freiburg/loom,,Software suite for the automated generation of geographically correct or schematic transit maps.,EN
Metro Map Maker,Using Data,Visualizations,Transit Map Creation,,https://metromapmaker.com/,Draw a metro map.,EN
MetroDreamin',Using Data,Visualizations,Transit Map Creation,https://github.com/the-nemz/metro-dreamin,https://metrodreamin.com/explore,MetroDreamin' allows you to design and visualize the transportation system that you wish your city had.,EN
Rail Map Generators,Using Data,Visualizations,Transit Map Creation,https://github.com/railmapgen/rmg,https://railmapgen.org/?app=rmg,Tool for generating railway maps and information panels in the styles of various cities' public transportation systems,"EN, CN, JP, KR"
MetroSets,Using Data,Visualizations,Transit Map Creation,,https://metrosets.ac.tuwien.ac.at/,MetroSets is a flexible web tool to visualize set systems using the metro map metaphor. ,EN
Adobe illustrator,Using Data,Visualizations,Transit Map Creation,,https://www.adobe.com/ca/products/illustrator.html,,EN
Inkscape,Using Data,Visualizations,Transit Map Creation,,https://inkscape.org/,Open source drawing software,EN
Felt,Using Data,Visualizations,Transit Map Creation,,https://felt.com/,"Make maps, apps, and dashboards in seconds",EN
Google Mymaps,Using Data,Visualizations,Transit Map Creation,,https://www.google.ca/maps/about/mymaps/,Create and share custom maps with Google My Maps.,EN
Google Earth,Using Data,Visualizations,Transit Map Creation,,https://www.google.com/earth/about/,"No-code geospatial evaluation and analysis tools from Google Earth enable faster, more holistic decision making and seamless collaboration.",EN
UrbanRail.Net,Using Data,Visualizations,Transit Map Aggregation,,http://www.urbanrail.net/,Transit maps across the world,EN
OpenRailwayMap,Using Data,Visualizations,Transit Map Aggregation,,https://www.openrailwaymap.org/,Railway map across the world,EN
AllRailMap,Using Data,Visualizations,Transit Map Aggregation,,https://www.allrailmap.com/,"Railway map across the world. Tools used: Tilemill, Mapnik, OpenStreetMap-carto & Sublime Text.",EN
European Railway Atlas,Using Data,Visualizations,Transit Map Aggregation,,https://europeanrailwayatlas.com/,"Shows all of Europe‚Äôs railways in a single volume and includes around 23,000 locations. It includes such things as electrification systems, gauges and heritage railways.",EN
Rail Transit Maps,Using Data,Visualizations,Transit Map Aggregation,,http://www-personal.umich.edu/~yopopov/rrt/railroadmaps/,Here you will find railroad maps of Europe and Russia. ,EN
Tramscale,Using Data,Visualizations,Transit Map Aggregation,,https://alexander.co.tz/tramscale/,Tramway (Streetcar & Light Rail) Scale Comparison,EN
Timelines,Using Data,Visualizations,Transit Map Aggregation,,https://alexander.co.tz/timelines/,Rapid Transit Timelines and Scale Comparison,EN
Metrolinemap,Using Data,Visualizations,Transit Map Aggregation,,https://www.metrolinemap.com/,Metrolinemap.com offers you the world's metro lines embedded within a map.,EN
Metrocyclopaedia,Using Data,Visualizations,Transit Map Aggregation,,https://blog.csaladen.es/metro/,Metrocyclopaedia üöá Interactive map of all metro systems of the world,EN
RailFansCanada,Using Data,Visualizations,Transit Map Aggregation,https://github.com/RailFansCanada/RailFansMap,https://map.railfans.ca/,"Interactive System Map detailing the route of different urban rail systems including Ottawa, Gatineau, Montreal, and Toronto.",EN
North American Transit,Using Data,Visualizations,Transit Map Aggregation,,https://www.google.com/maps/d/u/0/viewer?mid=1GAXiiEp8a62LvZNDueYN76NPTCoUxvdx&ll=43.71257881237152%2C-79.385523993394&z=11,Map of all Passenger Rail in North America (and some BRT),EN
Intercity Rail map,Using Data,Visualizations,Transit Map Aggregation,,https://asm.transitdocs.com/,This site shows the data from Amtrack A Train Service,EN
Indian Railways Map,Using Data,Visualizations,Transit Map Aggregation,,https://indiarailinfo.com/atlas,Train times in India,EN
National Rail Network Map,Using Data,Visualizations,Transit Map Aggregation,,https://www.arcgis.com/apps/mapviewer/index.html?webmap=96ec03e4fc8546bd8a864e39a2c3fc41,Train routes in North America,EN
Ferrocarta,Using Data,Visualizations,Transit Map Aggregation,,https://ferrocarta.net/,"These pages contain a series of maps covering the passenger rail networks of Brazil, Canada, France and the United States.",EN
Train Lookout,Using Data,Visualizations,Transit Map Aggregation,,https://trainlookout.com/,"Log, map and share your journeys by train, easily and intuitively.",EN
Australian Rail Maps,Using Data,Visualizations,Transit Map Aggregation,,http://www.railmaps.com.au/,Everything you need to know about travelling by train and public transport in Australia - all in one website.,EN
"Steam Engine ""IS""",Using Data,Visualizations,Transit Map Aggregation,,https://parovoz.com/maps/supermap/,,EN
Carto.Metro,Using Data,Visualizations,Transit Map Aggregation,,https://cartometro.com/,This website contains highly precise railway maps of urban transports,EN
Railway Stations,Using Data,Visualizations,Transit Map Aggregation,,https://map.railway-stations.org/,Railway stations in Germany,EN
INAT,Using Data,Visualizations,Transit Map Aggregation,,https://www.inat.fr/maps/,"INAT is a Mapping and Wayfinding consultancy founded by architect Jug Ceroviƒá.
We create beautiful, efficient and intuitive maps.",EN
Transit Maps,Using Data,Visualizations,Transit Map Aggregation,,https://transitmap.net/,"a celebration of transit maps and diagrams from around the world, whether they be real or imaginary, or from the past, future or present.",EN
Transit Explorer,Using Data,Visualizations,Transit Map Aggregation,,https://www.thetransportpolitic.com/transitexplorer/,Fixed-guideway transit around the world.,EN
British Railways,Using Data,Visualizations,Transit Map Aggregation,,https://www.merrittcartographic.co.uk/british_railways.html,An interactive map of Great Britain's rail network,EN
TransitLand Map,Using Data,Visualizations,Transit Map Aggregation,,https://www.transit.land/map,Transitland brings together many sources of transit data to build a directory of operators and feeds that can be edited by transit enthusiasts and developers.,EN
DB InfraGO,Using Data,Visualizations,Transit Map Aggregation,https://geovdbn.deutschebahn.com/pgv/public/map/isr.xhtml,,,EN
SNCF Carte interactive,Using Data,Visualizations,Transit Map Aggregation,https://www.sncf-reseau.com/fr/carte/carte-interactive-reseau-ferre-francais-0,,La carte du r√©seau ferr√© fran√ßais,FR
Project Mapping,Using Data,Visualizations,Transit Map Aggregation,https://www.projectmapping.co.uk/index.html,,Schematic maps of rail network in the UK,EN
China Railway Map,Using Data,Visualizations,Transit Map Aggregation,,http://cnrail.geogv.org/enus/about,"An online map for the passenger railway transportation system of China, presenting station and rail information.","EN, CN, JP"
Canadian Rail Atlas,Using Data,Visualizations,Transit Map Aggregation,,https://rac.jmaponline.net/canadianrailatlas/,Canadian railway map,EN
The Rail Map,Using Data,Visualizations,Transit Map Aggregation,,https://www.therailmap.com/,North America rail map,EN
JR pass,Using Data,Visualizations,Transit Map Aggregation,,https://www.jrpass.com/map#,The Japan Rail Map with over 4800 stations and 23000 km of rail freedom to explore.,EN
Remix,Using Data,Agency Tools,-,,http://getremix.com/,,EN
Next Train API,Using Data,Agency Tools,-,https://github.com/data-creative/next-train-api,,The Next Train API provides a JSON web service for any GTFS feed. Deploy this source code to your own Heroku server to set up an API for your own agency's feed. Let me know how it goes. I'm happy to support you!,EN
AC Transit RestroomFinder,Using Data,Agency Tools,-,https://github.com/actransitorg/ACTransit.RestroomFinder,,"Pinpoints the nearest authorized restroom for bus operator and field staff, using GPS and on-screen map.",EN
AC Transit Training and Education Department (TED) application,Using Data,Agency Tools,-,https://github.com/actransitorg/ACTransit.Training,,"This application supports the District's training operations for transportation and maintenance employees, primarily in the positions of Bus Operators and Heavy Duty Coach Mechanics (Apprentice and Journey), although the system supports new courses and apprenticeship programs. This repository contains a complete application and supporting databases required to run.",EN
AC Transit Customer Relations application (CusRel),Using Data,Agency Tools,-,https://github.com/actransitorg/ACTransit.CusRel,,"Public transit ticketing system for customer issues and feedback with: inter-departmental routing with notifications, department/person assigments, simple workflow, ticket searching, pre-canned reports, daily reminders and more.",EN
PTV Lines,Using Data,Agency Tools,-,,https://www.ptvgroup.com/en/products/ptv-lines,"PTV Lines is built specifically for public transport planners - combining powerful functionality with ease of use. Create and adjust timetables, routes, and service proposals within minutes. Streamline routine tasks and gain more time to focus on optimizing and improving public transport services.",EN
TransAM,Using Data,Agency Tools,-,,https://github.com/camsys/transam_core,Core Rails engine for the TransAM open source software platform for managing transportation assets.,EN
RidePilot,Using Data,Agency Tools,-,,https://github.com/camsys/ridepilot,A dispatching and ride coordination tool.,EN
TNExT,Using Data,Agency Tools,-,https://github.com/ODOT-PTS/TNExT,,"The Transit Network Explorer Tool (TNExT) is a web-based software tool developed for the visualization, analysis, and reporting of regional and statewide transit networks in the state of Oregon.",EN
Route Trends,Using Data,Agency Tools,-,,https://metrotransitmn.shinyapps.io/route-trends/,,EN
TBEST,Using Data,Agency Tools,-,,https://tbest.org/,"TBEST is a multi-faceted GIS-based modeling, planning and analysis software toolset which integrates socio-economic, land use, and transit network data into a unique platform for scenario-based transit ridership estimation and analysis.",EN
RideSheet,Using Data,Agency Tools,-,,https://docs.ridesheet.org,"RideSheet is a simple and affordable tool for operating and reporting on small demand-response transportation services. It supports rural, small urban, and urban specialized services that are ready to move away from paper, whiteboards, and ad-hoc spreadsheets and toward systematic and accessible tracking tools.",EN
MobilityData Slack chat,Using Data,Resources - Community,-,,https://share.mobilitydata.org/slack,"MobilityData's Slack is an open messaging platform about mobility data, which includes public transit (bus, subway, tram...) and shared mobility (bikeshare, scootershare, carshare). Subjects like data formats (GTFS, GBFS), software, and services are discussed.",EN
Transit Developers mailing list,Using Data,Resources - Community,-,,https://groups.google.com/forum/#!forum/transit-developers,"This group is for software developers both inside and outside transit agencies who want to discuss reuse of transit software, open transit data, and interesting things that they've built.",EN
OpenTripPlanner User mailing list,Using Data,Resources - Community,-,,https://groups.google.com/forum/#!forum/opentripplanner-users,"Announcements for users of OpenTripPlanner, such as new releases.",EN
OpenTripPlanner Developers mailing list,Using Data,Resources - Community,-,,https://groups.google.com/forum/#!forum/opentripplanner-dev,"Development mailing list for OpenTripPlanner, an open-source multi-modal trip planner.",EN
OneBusAway Developers mailing list,Using Data,Resources - Community,-,,http://groups.google.com/group/onebusaway-developers,Resources for OneBusAway developers,EN
OneBusAway API mailing list,Using Data,Resources - Community,-,,http://groups.google.com/group/onebusaway-api,Updates and discussions for developers using OneBusAway's application APIs.,EN
Transit Techies NYC,Using Data,Resources - Community,Local and regional groups,,https://www.transittechies.com/,"Bringing together the technologists who love transit, and the transit enthusiasts who hack!",EN
German Open Transport Meetup,Using Data,Resources - Community,Local and regional groups,https://github.com/transportkollektiv/meetup/wiki,,"The Open Transport Meetup connects people interested in open data and mobility, especially for the improvement of public transport.",DE
When(ish) is my bus? Data and code,Using Data,Resources - Research and Commentary,Blog posts,https://github.com/mjskay/when-ish-is-my-bus,,"Data and code for When (ish) is My Bus? User-centered Visualizations of Uncertainty in Everyday, Mobile Predictive Systems",EN
"Legacy AVL system? It's okay, join the club.",Using Data,Resources - Research and Commentary,Blog posts,,https://kurtraschke.com/2015/01/legacy-avl-export,"If you work with real-time transit data, you've probably heard the steadily-increasing call for data producers to release their data in open, standardized formats like GTFS-realtime and SIRI. But how do you actually make your data available in those formats?",EN
GTFS Best Practices now available!,Using Data,Resources - Research and Commentary,Blog posts,,https://medium.com/@sjbarbeau/gtfs-best-practices-now-available-88ac67194233,A blog article by Sean Barbeau,EN
What's new in GTFS-realtime v2.0,Using Data,Resources - Research and Commentary,Blog posts,,https://medium.com/@sjbarbeau/whats-new-in-gtfs-realtime-v2-0-cd45e6a861e9,A blog article by Sean Barbeau,EN
"AVL, CAD, and Real-Time Passenger Info for Beginners",Using Data,Resources - Research and Commentary,Blog posts,,http://transitdata.net/avl-cad-and-real-time-passenger-info-for-beginners/,"Real-time Automated Vehicle Location (AVL) has now become a commodity product. Unfortunately, some companies are using commodity as an excuse to pass off incomplete or unsuitable products to unsuspecting buyers.",EN
Visualizing Better Transportation: Data & Tools,Using Data,Resources - Research and Commentary,Blog posts,,https://medium.com/@stevepepple/visualizing-better-transportation-data-tools-e48b8317a21c,A blog article by Steve Pepple,EN
How to use GTFS data to track transit vehicles in realtime,Using Data,Resources - Research and Commentary,Blog posts,,https://www.ably.io/blog/gtfs-data-track-transit-vehicles-realtime,10 realtime data sources you won't believe are free!,EN
Tang et al. - Ridership effects of real-time bus information system,Using Data,Resources - Research and Commentary,Academic papers,,https://www.sciencedirect.com/science/article/pii/S0968090X12000022,Ridership effects of real-time bus information system: A case study in the City of Chicago,EN
Kay et al. - When(ish) is my bus?,Using Data,Resources - Research and Commentary,Academic papers,,https://www.mjskay.com/papers/chi_2016_uncertain_bus.pdf,"When (ish) is My Bus? User-centered Visualizations of Uncertainty in Everyday, Mobile Predictive Systems ",EN
Watkins et al. - Where Is My Bus?,Using Data,Resources - Research and Commentary,Academic papers,,https://www.sciencedirect.com/science/article/pii/S0965856411001030,Where Is My Bus? Impact of mobile real-time information on the perceived and actual wait time of transit riders,EN
Brakewood et al. - An experiment evaluating the impacts of real-time transit information,Using Data,Resources - Research and Commentary,Academic papers,,https://www.sciencedirect.com/science/article/pii/S0965856414002146,"An experiment evaluating the impacts of real-time transit information on bus riders in Tampa, Florida",EN
Brakewood et al. - The impact of real-time information on bus ridership in New York City,Using Data,Resources - Research and Commentary,Academic papers,,https://www.sciencedirect.com/science/article/pii/S0968090X15000297,The impact of real-time information on bus ridership in New York City,EN
Brakewood and Watkins - A literature review of the passenger benefits,Using Data,Resources - Research and Commentary,Academic papers,,https://www.tandfonline.com/doi/full/10.1080/01441647.2018.1472147?scroll=top&needAccess=true,A literature review of the passenger benefits of real-time transit information,EN
Gramacki et al. - gtfs2vec,Using Data,Resources - Research and Commentary,Academic papers,https://github.com/pwr-inf/gtfs2vec,,gtfs2vec - Learning GTFS Embeddings for comparing PublicTransport Offer in Microregions,EN
Higgins et al. - Calculating place-based transit accessibility,Using Data,Resources - Research and Commentary,Academic papers,,https://doi.org/10.5198/jtlu.2022.2012,"Calculating place-based transit accessibility: Methods, tools and algorithmic dependence",EN
Aemmer et al. - Measurement and classification of transit delays,Using Data,Resources - Research and Commentary,Academic papers,,https://link.springer.com/article/10.1007/s12469-022-00291-7,Measurement and classification of transit delays using GTFS-RT data,EN
APTA Policy Development and Research - Public Transportation Embracing Open Data,Using Data,Resources - Research and Commentary,Government reports,,http://www.apta.com/resources/reportsandpublications/Documents/APTA-Embracing-Open-Data.pdf,List of resources,EN
TCRP Synthesis 115 - Open Data: Challenges and Opportunities,Using Data,Resources - Research and Commentary,Government reports,,http://onlinepubs.trb.org/Onlinepubs/tcrp/tcrp_syn_115.pdf,"TRB‚Äôs Transit Cooperative Research Program (TCRP) Synthesis 115: Open Data: Challenges and Opportunities for Transit Agencies documents the current state of the practice in the use, policies, and impact of open data for improving transit planning, service quality, and treatment of customer information.",EN
TCRP Research Report 213: Data Sharing Guidance,Using Data,Resources - Research and Commentary,Government reports,,http://www.trb.org/Main/Blurbs/180188.aspx,Data Sharing Guidance for Public Transit Agencies‚ÄîNow and in the Future,EN
TCRP G-16 Development of Transactional Data Specifications,Using Data,Resources - Research and Commentary,Government reports,,http://apps.trb.org/cmsfeed/TRBNetProjectDisplay.asp?ProjectID=4120,Development of Transactional Data Specifications for Demand-Responsive Transportation,EN
Vendors Providing GTFS Creation/Maintenance services,Using Data,Resources - Research and Commentary,Community-maintained lists,,https://docs.google.com/spreadsheets/u/1/d/1Gc9mu4BIYC8ORpv2IbbVnT3q8VQ3xkeY7Hz068vT_GQ/pubhtml,Spreadsheet,EN
Entities Providing Transportation Software Development Consulting Services,Using Data,Resources - Research and Commentary,Community-maintained lists,,https://docs.google.com/spreadsheets/u/1/d/1n44CNMCK1vt1nyrsdYz-KD_hYxUMNIm6Me69M6ROBIg/pubhtml,Spreadsheet,EN
"TEST RESOURCE","Producing Data  ","GTFS","GTFS Libraries","https:te.st","","Test",""
"TEST2  ","Using Data","GTFS","GTFS Libraries","https://test.com","","Test 2",""
"TEST2  ","Using Data","GTFS","GTFS Libraries","https://test.com","","Test 2","EN"
